{
  "data": [],
  "timestamp": 1750211179.754147,
  "expires_at": 1750297579.754147
}