{
  "data": [],
  "timestamp": 1751471835.344349,
  "expires_at": 1751558235.344349
}