{
  "data": [],
  "timestamp": 1749777854.851018,
  "expires_at": 1749864254.851018
}